case,topology,topology_group,stress_pred_mpa,stress_truth_mpa,pressure_pred_kpa,pressure_truth_kpa,stress_abs_error_mpa,pressure_abs_error_kpa,compliance,iterations
high_pressure_gas,GasLib-582,Authentic,1096.6331584284585,128.943,500.0,22.0158,967.6901584284585,477.9842,0.003537129428662505,8
refinery_compliance,GasLib-4197,Authentic,1096.6331584284585,265.53,500.0,11.8639,831.1031584284585,488.1361,0.0014189518057907081,8
deep_sea_fsi,Synthetic-FSI,Synthetic,1096.6331584284585,36.412,0.1,23.6225,1060.2211584284585,23.522499999999997,0.0022340909192929696,8
