topology_group,topology_count,scenario_count,stress_mae_mpa,pressure_mae_kpa,compliance,iterations,reliability
Authentic,2,2,899.3966584284585,483.06015,0.0024780406172266066,8.0,0.0
Synthetic,1,1,1060.2211584284585,23.522499999999997,0.0022340909192929696,8.0,0.0
