case,topology,topology_group,stress_pred_mpa,stress_truth_mpa,pressure_pred_kpa,pressure_truth_kpa,stress_abs_error_mpa,pressure_abs_error_kpa,compliance,iterations
high_pressure_gas,GasLib-582,Authentic,109.4299889110098,142.296,18.205239812323768,16.883,32.86601108899019,1.3222398123237689,1.0,3
refinery_compliance,GasLib-4197,Authentic,80.44709400378625,271.335,11.600512418084952,10.9479,190.88790599621373,0.6526124180849511,1.0,3
deep_sea_fsi,Synthetic-FSI,Synthetic,25.674661388719407,48.095,23.867319633266785,10.1229,22.42033861128059,13.744419633266785,1.0,3
