topology_group,topology_count,scenario_count,stress_mae_mpa,pressure_mae_kpa,compliance,iterations,reliability
Authentic,2,2,111.87695854260195,0.98742611520436,1.0,3.0,0.4406152072869902
Synthetic,1,1,22.42033861128059,13.744419633266785,1.0,3.0,0.8878983069435971
